1,BMP1,3417,100750.0625,12.27000046,47.97774506
2,BMP1,3685,100750.7344,12.27000046,47.92167282
3,BMP1,3855,100750.7344,12.27000046,47.92167282
4,BMP1,4028,100750.7344,12.27000046,47.92167282
5,BMP1,4192,100750.7344,12.27000046,47.92167282
6,BMP1,4366,100751.4141,12.27000046,47.86458969
7,BMP1,4627,100751.4141,12.27000046,47.86458969
8,BMP1,4801,100751.9219,12.27000046,47.82215881
9,BMP1,4974,100751.9219,12.27000046,47.82215881
10,BMP1,5332,100752.4375,12.27000046,47.7792244
11,BMP1,5912,100752.7734,12.27000046,47.75144196
12,BMP1,6388,100753.4531,12.27000046,47.69385529
13,BMP1,6952,100753.9531,12.27000046,47.6524353
14,BMP1,7454,100753.9297,12.26000023,47.65445328
15,BMP1,7925,100754.2656,12.26000023,47.6261673
16,BMP1,8427,100754.2656,12.26000023,47.6261673
17,BMP1,8837,100754.7734,12.26000023,47.58373642
18,BMP1,9331,100755.0859,12.26000023,47.55797577
19,BMP1,9942,100755.5938,12.26000023,47.51554489
20,BMP1,10448,100755.5625,12.26000023,47.51807022
21,BMP1,10858,100756.2422,12.26000023,47.46099091
22,BMP1,11334,100756.0469,12.26000023,47.47715378
23,BMP1,11806,100756.1875,12.25,47.46553802
24,BMP1,12311,100756.6953,12.25,47.42310715
25,BMP1,12890,100757.2031,12.25,47.38067627
26,BMP1,13363,100757.3438,12.25,47.36906052
27,BMP1,13832,100757.8516,12.25,47.32662964
28,BMP1,14303,100758.1875,12.25,47.29834366
29,BMP1,14867,100758.1563,12.25,47.30086899
30,BMP1,15360,100758.3281,12.25,47.28672409
31,BMP1,15853,100758.5,12.25,47.27207947
32,BMP1,16329,100758.5,12.25,47.27207947
33,BMP1,16888,100758.6641,12.25,47.24328613
34,BMP1,17361,100758.8438,12.25,47.24328613
35,BMP1,17835,100759.0078,12.25,47.22964859
36,BMP1,18329,100759.375,12.25,47.19883728
37,BMP1,18890,100759.5469,12.25,47.18469238
38,BMP1,19363,100759.7188,12.25,47.1705513
39,BMP1,19832,100759.8828,12.25,47.1564064
40,BMP1,20305,100759.5156,12.25,47.18721771
41,BMP1,20865,100759.5156,12.25,47.18721771
42,BMP1,21335,100759.5156,12.25,47.18721771
43,BMP1,21804,100759.6875,12.25,47.17307663
44,BMP1,22309,100759.6875,12.25,47.17307663
45,BMP1,22898,100760.0234,12.25,47.14479065
46,BMP1,23364,100760.1875,12.25,47.13115311
47,BMP1,23836,100760.1875,12.25,47.13115311
48,BMP1,24310,100760.3594,12.25,47.11650467
49,BMP1,24870,100760.3594,12.25,47.11650467
50,BMP1,25347,100760.1875,12.25,47.13115311
51,BMP1,25819,100760.1875,12.25,47.13115311
52,BMP1,26309,100760,12.25,47.14680862
53,BMP1,26884,100760.3359,12.25,47.11903
54,BMP1,27347,100760.1328,12.23999977,47.13569641
55,BMP1,27817,100760.4688,12.23999977,47.10741043
56,BMP1,28322,100760.1094,12.23999977,47.1377182
57,BMP1,28883,100760.0781,12.23999977,47.14024353
58,BMP1,29356,100760.0781,12.23999977,47.14024353
59,BMP1,29838,100760.2422,12.23999977,47.12660599
60,BMP1,30311,100760.2188,12.22999954,47.12862778
61,BMP1,30875,100760.3516,12.22999954,47.11700821
62,BMP1,31347,100760.6875,12.22999954,47.08922958
63,BMP1,31821,100760.6563,12.22999954,47.09175491
64,BMP1,32325,100761,12.22999954,47.06296158
65,BMP1,32905,100760.7969,12.22999954,47.08013535
66,BMP1,33390,100760.9688,12.22999954,47.06548691
67,BMP1,33852,100760.7656,12.22000027,47.08266068
68,BMP1,34327,100760.7656,12.22000027,47.08266068
69,BMP1,34888,100760.9063,12.22000027,47.07104492
70,BMP1,35360,100760.9063,12.22000027,47.07104492
71,BMP1,35830,100760.875,12.22000027,47.07357025
72,BMP1,36350,100761.0469,12.22000027,47.05892181
73,BMP1,36912,100760.8516,12.22000027,47.07559204
74,BMP1,37383,100761.1875,12.22000027,47.04730606
75,BMP1,37856,100760.9844,12.21000004,47.06397247
76,BMP1,38328,100761.3281,12.21000004,47.03568649
77,BMP1,38901,100761.125,12.21000004,47.05235672
78,BMP1,39378,100761.2969,12.21000004,47.03821182
79,BMP1,39873,100761.2656,12.21000004,47.04073715
80,BMP1,40343,100761.2656,12.21000004,47.04073715
81,BMP1,40904,100760.8984,12.21000004,47.07154846
82,BMP1,41389,100761.2344,12.21000004,47.04326248
83,BMP1,41864,100761.4063,12.21000004,47.0291214
84,BMP1,42333,100761.375,12.19999981,47.03164673
85,BMP1,42892,100761.3438,12.19999981,47.03417206
86,BMP1,43415,100761.5156,12.19999981,47.01952362
87,BMP1,43889,100761.1484,12.19999981,47.05033493
88,BMP1,44364,100761.1484,12.19999981,47.05033493
89,BMP1,44938,100760.9453,12.19999981,47.0675087
90,BMP1,45438,100760.9453,12.19999981,47.0675087
91,BMP1,45908,100760.9453,12.19999981,47.0675087
92,BMP1,46422,100760.75,12.18999958,47.08417892
93,BMP1,46835,100760.9219,12.18999958,47.07003403
94,BMP1,47309,100761.0938,12.18999958,47.05488205
95,BMP1,47927,100760.7188,12.18999958,47.08670425
96,BMP1,48432,100760.7188,12.18999958,47.08670425
97,BMP1,48844,100760.7188,12.18999958,47.08670425
98,BMP1,49317,100760.5156,12.18999958,47.10337067
99,BMP1,49942,100760.6875,12.18999958,47.08922958
100,BMP1,50314,100760.8594,12.18999958,47.07508469
101,BMP1,50879,100760.6563,12.18000031,47.09175491
102,BMP1,51347,100761,12.18000031,47.06296158
103,BMP1,51822,100760.8281,12.18000031,47.07761002
104,BMP1,52328,100760.8281,12.18000031,47.07761002
105,BMP1,52892,100760.625,12.18000031,47.09428024
106,BMP1,53361,100760.9688,12.18000031,47.06548691
107,BMP1,53829,100760.9688,12.18000031,47.06548691
108,BMP1,54306,100760.7656,12.18000031,47.08266068
109,BMP1,54867,100761.1094,12.18000031,47.05387115
110,BMP1,55335,100760.9063,12.18000031,47.07104492
111,BMP1,55803,100760.9063,12.18000031,47.07104492
112,BMP1,56310,100760.7031,12.17000008,47.08771133
113,BMP1,56873,100760.875,12.17000008,47.07357025
114,BMP1,57344,100760.875,12.17000008,47.07357025
115,BMP1,57812,100761.0469,12.17000008,47.05892181
116,BMP1,58314,100761.0156,12.17000008,47.06144714
117,BMP1,58873,100761.3594,12.17000008,47.03316116
118,BMP1,59351,100761.1563,12.17000008,47.04983139
119,BMP1,59834,100761.3203,12.17000008,47.03619385
120,BMP1,60418,100761.125,12.15999985,47.05235672
121,BMP1,60831,100761.2969,12.15999985,47.03821182
122,BMP1,61337,100761.2656,12.15999985,47.04073715
123,BMP1,61834,100761.2344,12.15999985,47.04326248
124,BMP1,62452,100761.5703,12.15999985,47.01498032
125,BMP1,62862,100761.5703,12.15999985,47.01498032
126,BMP1,63348,100761.2031,12.14999962,47.04578781
127,BMP1,63843,100761,12.14999962,47.06296158
128,BMP1,64313,100760.9688,12.14999962,47.06548691
129,BMP1,64874,100760.9375,12.14999962,47.06801224
130,BMP1,65342,100760.9063,12.14000034,47.07104492
131,BMP1,65817,100760.5469,12.14000034,47.10084534
132,BMP1,66318,100760.6797,12.14000034,47.08973312
133,BMP1,66899,100760.8203,12.14000034,47.07811737
134,BMP1,67373,100760.9688,12.13000011,47.06548691
135,BMP1,67849,100760.9297,12.13000011,47.06851959
136,BMP1,68321,100760.9063,12.13000011,47.07104492
137,BMP1,68881,100760.6719,12.11999989,47.09074402
138,BMP1,69356,100760.8125,12.11999989,47.07862091
139,BMP1,69823,100760.9531,12.11999989,47.0664978
140,BMP1,70343,100760.5469,12.10999966,47.10084534
141,BMP1,70903,100760.6875,12.10999966,47.08922958
142,BMP1,71373,100760.8281,12.10999966,47.07761002
143,BMP1,71847,100760.8281,12.10999966,47.07761002
144,BMP1,72320,100760.6016,12.10000038,47.09629822
145,BMP1,72881,100760.5625,12.10000038,47.0993309
146,BMP1,73346,100760.5078,12.10000038,47.10387802
147,BMP1,73845,100760.5078,12.09000015,47.10387802
148,BMP1,74320,100760.6484,12.09000015,47.09225845
149,BMP1,74880,100760.4219,12.09000015,47.11094666
150,BMP1,75354,100760.5547,12.07999992,47.1003418
151,BMP1,75820,100760.6953,12.07999992,47.08872223
152,BMP1,76324,100760.4688,12.07999992,47.10741043
153,BMP1,76884,100760.4375,12.06999969,47.10993958
154,BMP1,77360,100760.4063,12.06999969,47.1124649
155,BMP1,77835,100760.1719,12.06999969,47.132164
156,BMP1,78306,100760.1406,12.06000042,47.13519287
157,BMP1,78889,100760.1172,12.06000042,47.13670731
158,BMP1,79361,100760.25,12.06000042,47.12610245
159,BMP1,79834,100760.0547,12.06000042,47.14226532
160,BMP1,80305,100760.0547,12.06000042,47.14226532
161,BMP1,80866,100759.6563,12.05000019,47.17560196
162,BMP1,81339,100759.6563,12.05000019,47.17560196
163,BMP1,81812,100759.7969,12.05000019,47.16347885
164,BMP1,82314,100759.7656,12.03999996,47.16650772
165,BMP1,82873,100759.7344,12.03999996,47.16903687
166,BMP1,83345,100759.7031,12.03999996,47.17156219
167,BMP1,83833,100759.2969,12.02999973,47.20540237
168,BMP1,84309,100759.4453,12.02999973,47.19277573
169,BMP1,84867,100759.4063,12.02999973,47.19631195
170,BMP1,85351,100759.3828,12.02999973,47.19832993
171,BMP1,85812,100759.375,12.02000046,47.19883728
172,BMP1,86321,100759.1797,12.02000046,47.21550369
173,BMP1,86886,100759.3203,12.02000046,47.2033844
174,BMP1,87375,100759.8281,12.02000046,47.16095352
175,BMP1,87847,100759.7969,12.02000046,47.16347885
176,BMP1,88323,100759.9375,12.01000023,47.1518631
177,BMP1,88885,100759.9063,12.01000023,47.15438843
178,BMP1,89363,100759.7109,12.01000023,47.17105484
179,BMP1,89840,100759.8438,12.01000023,47.15943909
180,BMP1,90310,100759.8438,12.01000023,47.15943909
181,BMP1,90889,100759.9844,12,47.14781952
182,BMP1,91356,100759.9844,12,47.14781952
183,BMP1,91828,100759.7813,12,47.16448975
184,BMP1,92447,100759.9219,12,47.15287018
185,BMP1,92873,100760.0938,12,47.1387291
186,BMP1,93353,100760.2344,12,47.12710953
187,BMP1,93825,100760.0313,11.98999977,47.14377975
188,BMP1,94453,100760.375,11.98999977,47.11499023
189,BMP1,94865,100760.1719,11.98999977,47.132164
190,BMP1,95340,100759.9766,11.98999977,47.14832687
191,BMP1,95817,100760.3125,11.98999977,47.12054443
192,BMP1,96320,100760.4531,11.98999977,47.10842133
193,BMP1,96893,100760.7891,11.98999977,47.0806427
194,BMP1,97368,100760.5938,11.97999954,47.09680557
195,BMP1,97839,100760.7656,11.97999954,47.08266068
196,BMP1,98313,100760.5625,11.97999954,47.0993309
197,BMP1,98872,100760.7344,11.97999954,47.085186
198,BMP1,99345,100760.5313,11.97999954,47.10235977
199,BMP1,99822,100760.5313,11.97999954,47.10235977
200,BMP1,100445,100760.8438,11.97999954,47.07609558
201,BMP1,100859,100760.8438,11.97999954,47.07609558
202,BMP1,101333,100760.8438,11.97999954,47.07609558
203,BMP1,101810,100761.0156,11.97999954,47.06144714
204,BMP1,102318,100760.6406,11.97000027,47.09326935
205,BMP1,102880,100760.6094,11.97000027,47.09579468
206,BMP1,103342,100760.7813,11.97000027,47.08165359
207,BMP1,103817,100760.75,11.97000027,47.08417892
208,BMP1,104309,100760.7188,11.97000027,47.08670425
209,BMP1,104872,100760.6875,11.96000004,47.08922958
210,BMP1,105374,100761.0313,11.96000004,47.06043625
211,BMP1,105848,100761,11.96000004,47.06296158
212,BMP1,106330,100760.9688,11.96000004,47.06548691
213,BMP1,106893,100761.1406,11.96000004,47.05134583
214,BMP1,107366,100761.1094,11.94999981,47.05387115
215,BMP1,107855,100761.1094,11.94999981,47.05387115
216,BMP1,108347,100761.25,11.94999981,47.0422554
217,BMP1,108912,100761.3828,11.94999981,47.03114319
218,BMP1,109417,100761.3594,11.93999958,47.03316116
219,BMP1,109885,100761.3594,11.93999958,47.03316116
220,BMP1,110353,100761.1563,11.93999958,47.04983139
221,BMP1,110917,100761.2969,11.93999958,47.03821182
222,BMP1,111433,100761.2656,11.93999958,47.04073715
223,BMP1,111907,100761.4063,11.93000031,47.0291214
224,BMP1,112376,100761.375,11.93000031,47.03164673
225,BMP1,112941,100761.5156,11.93000031,47.01952362
226,BMP1,113444,100761.1406,11.92000008,47.05134583
227,BMP1,113912,100761.2813,11.92000008,47.03973007
228,BMP1,114552,100761.25,11.92000008,47.0422554
229,BMP1,114812,100761.5547,11.92000008,47.01649475
230,BMP1,115317,100761.5313,11.90999985,47.01851273
231,BMP1,115939,100761.6641,11.90999985,47.00740051
232,BMP1,116445,100761.6406,11.90999985,47.0094223
233,BMP1,116861,100761.7734,11.90999985,46.99831009
234,BMP1,117333,100762.0781,11.89999962,46.97254944
235,BMP1,117808,100762.0781,11.89999962,46.97254944
236,BMP1,118446,100762.1875,11.89999962,46.96345901
237,BMP1,118857,100762.1875,11.89999962,46.96345901
238,BMP1,119332,100762.1563,11.89999962,46.96598434
239,BMP1,119807,100762.1328,11.89000034,46.96800613
240,BMP1,120323,100762.2656,11.89000034,46.95689392
241,BMP1,120882,100762.4063,11.89000034,46.94527435
242,BMP1,121371,100762.375,11.89000034,46.94779968
243,BMP1,121848,100762.5156,11.88000011,46.93618393
244,BMP1,122343,100762.5156,11.88000011,46.93618393
245,BMP1,122903,100762.2813,11.88000011,46.95588303
246,BMP1,123379,100762.5938,11.86999989,46.93012238
247,BMP1,123850,100762.3594,11.86999989,46.94931412
248,BMP1,124320,100762.5,11.86999989,46.93769836
249,BMP1,124904,100762.6406,11.85999966,46.92608261
250,BMP1,125408,100762.7813,11.85999966,46.9139595
251,BMP1,125881,100762.3828,11.85999966,46.94729614
252,BMP1,126353,100762.5156,11.85000038,46.93618393
253,BMP1,126917,100762.4922,11.85000038,46.9382019
254,BMP1,127430,100762.2656,11.85000038,46.95689392
255,BMP1,127909,100762.2344,11.84000015,46.95992279
256,BMP1,128415,100762.375,11.84000015,46.94779968
257,BMP1,128827,100762.375,11.84000015,46.94779968
258,BMP1,129329,100762.1719,11.84000015,46.96497345
259,BMP1,129946,100762.1406,11.84000015,46.96749878
260,BMP1,130306,100761.9375,11.82999992,46.98467255
261,BMP1,130865,100761.9063,11.82999992,46.98719788
262,BMP1,131339,100762.2188,11.82999992,46.96093369
263,BMP1,131834,100762.3594,11.82999992,46.94931412
264,BMP1,132305,100761.9531,11.81999969,46.98366165
265,BMP1,132870,100761.9219,11.81999969,46.98618698
266,BMP1,133344,100761.8906,11.81999969,46.98871231
267,BMP1,133816,100762.0313,11.81000042,46.97709656
268,BMP1,134314,100762.0313,11.81000042,46.97709656
269,BMP1,134879,100761.7969,11.81000042,46.9962883
270,BMP1,135387,100761.6016,11.80000019,47.01245117
271,BMP1,135856,100761.4063,11.80000019,47.0291214
272,BMP1,136330,100761.4063,11.80000019,47.0291214
273,BMP1,136897,100761.375,11.80000019,47.03164673
274,BMP1,137368,100761.375,11.80000019,47.03164673
275,BMP1,137840,100761.5078,11.78999996,47.02053452
276,BMP1,138332,100761.6484,11.78999996,47.00891876
277,BMP1,138894,100761.7813,11.78999996,46.99780655
278,BMP1,139369,100761.3906,11.77999973,47.03063583
279,BMP1,139835,100761.1875,11.77999973,47.04730606
280,BMP1,140318,100761.1563,11.77999973,47.04983139
281,BMP1,140879,100761.125,11.77999973,47.05235672
282,BMP1,141347,100761.2656,11.77000046,47.04073715
283,BMP1,141824,100760.8672,11.77000046,47.07458115
284,BMP1,142331,100761,11.77000046,47.06296158
285,BMP1,142895,100761.1406,11.76000023,47.05134583
286,BMP1,143371,100761.1094,11.76000023,47.05387115
287,BMP1,143845,100761.0781,11.76000023,47.05639648
288,BMP1,144325,100761.2188,11.76000023,47.04478073
289,BMP1,144882,100761.3594,11.75,47.03316116
290,BMP1,145393,100761.125,11.75,47.05235672
291,BMP1,145867,100761.1016,11.75,47.05437469
292,BMP1,146333,100761.1016,11.75,47.05437469
293,BMP1,146898,100761.2344,11.73999977,47.04326248
294,BMP1,147373,100761.2109,11.73999977,47.04528427
295,BMP1,147843,100761.5156,11.73999977,47.01952362
296,BMP1,148311,100761.5156,11.73999977,47.01952362
297,BMP1,148900,100761.4844,11.72999954,47.0225563
298,BMP1,149371,100761.625,11.72999954,47.0104332
299,BMP1,149839,100761.3906,11.72999954,47.03063583
300,BMP1,150307,100761.3594,11.72000027,47.03316116
301,BMP1,150870,100761.5,11.72000027,47.02154541
302,BMP1,151339,100761.4688,11.72000027,47.02407074
303,BMP1,151813,100761.8125,11.72000027,46.99528122
304,BMP1,152306,100761.4063,11.71000004,47.0291214
305,BMP1,152876,100761.2109,11.71000004,47.04528427
306,BMP1,153349,100761.7188,11.71000004,47.00285721
307,BMP1,153833,100761.8594,11.71000004,46.99123764
308,BMP1,154308,100761.8594,11.71000004,46.99123764
309,BMP1,154883,100761.7969,11.69999981,46.9962883
310,BMP1,155365,100761.7969,11.69999981,46.9962883
311,BMP1,155833,100761.7656,11.69999981,46.99881363
312,BMP1,156307,100761.5625,11.69999981,47.0159874
313,BMP1,156871,100761.5313,11.68999958,47.01851273
314,BMP1,157337,100761.5313,11.68999958,47.01851273
315,BMP1,157814,100761.5,11.68999958,47.02154541
316,BMP1,158317,100761.4688,11.68999958,47.02407074
317,BMP1,158902,100761.4375,11.68999958,47.02659607
318,BMP1,159371,100761.2422,11.68000031,47.04275894
319,BMP1,159847,100761.3828,11.68000031,47.03114319
320,BMP1,160321,100761.5469,11.68000031,47.01699829
321,BMP1,160878,100761.5156,11.68000031,47.01952362
322,BMP1,161363,100761.4844,11.68000031,47.0225563
323,BMP1,161831,100761.2891,11.67000008,47.03871918
324,BMP1,162328,100761.2578,11.67000008,47.04174805
325,BMP1,162890,100761.2344,11.67000008,47.04326248
326,BMP1,163365,100761.2266,11.67000008,47.04427338
327,BMP1,163839,100761.2266,11.65999985,47.04427338
328,BMP1,164308,100761.2266,11.65999985,47.04427338
329,BMP1,164867,100761.1875,11.65999985,47.04730606
330,BMP1,165340,100761.5313,11.65999985,47.01851273
331,BMP1,165823,100761.1328,11.65999985,47.05184937
332,BMP1,166350,100761.2656,11.64999962,47.04073715
333,BMP1,166916,100761.2422,11.64999962,47.04275894
334,BMP1,167406,100761.2109,11.64999962,47.04528427
335,BMP1,167879,100761.1719,11.64999962,47.0488205
336,BMP1,168357,100761.3125,11.64000034,47.03720474
337,BMP1,168922,100761.2813,11.64000034,47.03973007
338,BMP1,169365,100761.0938,11.64000034,47.05488205
339,BMP1,169844,100761.2266,11.64000034,47.04427338
340,BMP1,170310,100761.1875,11.63000011,47.04730606
341,BMP1,170869,100761.3359,11.63000011,47.03518295
342,BMP1,171349,100761.2969,11.63000011,47.03821182
343,BMP1,171822,100761.4375,11.63000011,47.02659607
344,BMP1,172334,100761.2422,11.61999989,47.04275894
345,BMP1,172908,100761.4063,11.61999989,47.0291214
346,BMP1,173413,100761.2188,11.61999989,47.04478073
347,BMP1,173890,100761.3516,11.61999989,47.03366852
348,BMP1,174363,100761.3516,11.61999989,47.03366852
349,BMP1,174927,100761.3125,11.61999989,47.03720474
350,BMP1,175432,100761.2891,11.60999966,47.03871918
351,BMP1,175905,100761.0938,11.60999966,47.05488205
352,BMP1,176412,100761.0625,11.60999966,47.05791092
353,BMP1,176822,100761.3672,11.60999966,47.03265762
354,BMP1,177449,100761.3359,11.60000038,47.03518295
355,BMP1,177920,100761.6719,11.60000038,47.00689697
356,BMP1,178451,100761.4766,11.60000038,47.02356339
357,BMP1,178866,100761.4375,11.60000038,47.02659607
358,BMP1,179361,100761.4375,11.60000038,47.02659607
359,BMP1,179836,100761.25,11.60000038,47.0422554
360,BMP1,180452,100761.0469,11.59000015,47.05892181
361,BMP1,180866,100761.2188,11.59000015,47.04478073
362,BMP1,181341,100761.0156,11.59000015,47.06144714
363,BMP1,181821,100761.1797,11.59000015,47.0478096
364,BMP1,182447,100760.9844,11.59000015,47.06397247
365,BMP1,182906,100760.7813,11.59000015,47.08165359
366,BMP1,183410,100760.9531,11.59000015,47.0664978
367,BMP1,183882,100760.9531,11.59000015,47.0664978
368,BMP1,184355,100760.9531,11.59000015,47.0664978
369,BMP1,184915,100760.7813,11.57999992,47.08165359
370,BMP1,185418,100760.5781,11.57999992,47.09832001
371,BMP1,185890,100760.75,11.57999992,47.08417892
372,BMP1,186380,100760.9219,11.57999992,47.07003403
373,BMP1,186939,100760.7188,11.57999992,47.08670425
374,BMP1,187446,100760.5156,11.57999992,47.10337067
375,BMP1,187918,100760.6875,11.57999992,47.08922958
376,BMP1,188420,100760.8594,11.57999992,47.07508469
377,BMP1,188836,100760.8281,11.56999969,47.07761002
378,BMP1,189450,100760.625,11.56999969,47.09428024
379,BMP1,189947,100760.9688,11.56999969,47.06548691
380,BMP1,190450,100760.7656,11.56999969,47.08266068
381,BMP1,190860,100760.9375,11.56999969,47.06801224
382,BMP1,191357,100760.9063,11.56999969,47.07104492
383,BMP1,191835,100760.9063,11.56999969,47.07104492
384,BMP1,192305,100761.4063,11.56999969,47.0291214
385,BMP1,192866,100761.2188,11.56000042,47.04478073
386,BMP1,193362,100761.3828,11.56000042,47.03114319
387,BMP1,193835,100761.1797,11.56000042,47.0478096
388,BMP1,194311,100761.3516,11.56000042,47.03366852
389,BMP1,194874,100761.1563,11.56000042,47.04983139
390,BMP1,195348,100761.1563,11.56000042,47.04983139
391,BMP1,195829,100761.3203,11.56000042,47.03619385
392,BMP1,196469,100761.125,11.56000042,47.05235672
393,BMP1,196879,100761.2891,11.56000042,47.03871918
394,BMP1,197350,100761.625,11.56000042,47.0104332
395,BMP1,197822,100761.7969,11.56000042,46.9962883
396,BMP1,198333,100761.6016,11.55000019,47.01245117
397,BMP1,198895,100761.6016,11.55000019,47.01245117
398,BMP1,199364,100761.3984,11.55000019,47.02962494
399,BMP1,199842,100761.2344,11.55000019,47.04326248
400,BMP1,200315,100761.2344,11.55000019,47.04326248
401,BMP1,200882,100761.0313,11.55000019,47.06043625
402,BMP1,201353,100761.0313,11.55000019,47.06043625
403,BMP1,201838,100761.1953,11.55000019,47.04679871
404,BMP1,202307,100761.1953,11.55000019,47.04679871
405,BMP1,202869,100760.8281,11.55000019,47.07761002
406,BMP1,203362,100761,11.55000019,47.06296158
407,BMP1,203839,100761,11.55000019,47.06296158
408,BMP1,204303,100760.625,11.53999996,47.09428024
409,BMP1,204864,100760.625,11.53999996,47.09428024
410,BMP1,205337,100760.9688,11.53999996,47.06548691
411,BMP1,205813,100760.7656,11.53999996,47.08266068
412,BMP1,206311,100760.9375,11.53999996,47.06801224
413,BMP1,206886,100760.5625,11.53999996,47.0993309
414,BMP1,207359,100760.7344,11.53999996,47.085186
415,BMP1,207834,100760.9063,11.53999996,47.07104492
416,BMP1,208309,100760.7344,11.53999996,47.085186
417,BMP1,208866,100760.7344,11.53999996,47.085186
418,BMP1,209340,100760.7344,11.53999996,47.085186
419,BMP1,209835,100760.7344,11.53999996,47.085186
420,BMP1,210316,100760.5313,11.52999973,47.10235977
421,BMP1,210878,100760.5313,11.52999973,47.10235977
422,BMP1,211360,100760.5313,11.52999973,47.10235977
423,BMP1,211829,100760.1641,11.52999973,47.13317108
424,BMP1,212305,100760.3359,11.52999973,47.11903
425,BMP1,212870,100760.5,11.52999973,47.1048851
426,BMP1,213345,100760.5,11.52999973,47.1048851
427,BMP1,213838,100760.2969,11.52999973,47.12205887
428,BMP1,214312,100760.2969,11.52999973,47.12205887
429,BMP1,214876,100759.9375,11.52999973,47.1518631
430,BMP1,215348,100760.1094,11.52999973,47.1377182
431,BMP1,215818,100760.0781,11.52000046,47.14024353
432,BMP1,216442,100760.2422,11.52000046,47.12660599
433,BMP1,216877,100760.2109,11.52000046,47.12913132
434,BMP1,217348,100760.375,11.52000046,47.11499023
435,BMP1,217826,100760.1797,11.52000046,47.13165665
436,BMP1,218452,100760.1797,11.52000046,47.13165665
437,BMP1,218865,100760.1484,11.52000046,47.13418198
438,BMP1,219335,100760.1484,11.52000046,47.13418198
439,BMP1,219807,100760.3125,11.52000046,47.12054443
440,BMP1,220331,100760.3125,11.51000023,47.12054443
441,BMP1,220894,100760.4844,11.51000023,47.105896
442,BMP1,221365,100760.4531,11.51000023,47.10842133
443,BMP1,221837,100760.625,11.51000023,47.09428024
444,BMP1,222311,100760.4219,11.51000023,47.11094666
445,BMP1,222873,100760.5938,11.51000023,47.09680557
446,BMP1,223347,100760.5625,11.51000023,47.0993309
447,BMP1,223897,100760.5625,11.51000023,47.0993309
448,BMP1,224368,100760.5313,11.5,47.10235977
449,BMP1,224951,100760.7031,11.5,47.08771133
450,BMP1,225454,100760.6719,11.5,47.09074402
451,BMP1,225930,100761.0156,11.5,47.06144714
452,BMP1,226433,100760.8125,11.5,47.07862091
453,BMP1,226844,100760.9844,11.5,47.06397247
454,BMP1,227341,100761.3125,11.5,47.03720474
455,BMP1,227816,100761.3125,11.5,47.03720474
456,BMP1,228318,100761.2813,11.48999977,47.03973007
457,BMP1,228887,100761.0938,11.48999977,47.05488205
458,BMP1,229352,100761.0938,11.48999977,47.05488205
459,BMP1,229824,100760.9219,11.48999977,47.07003403
460,BMP1,230329,100760.9219,11.48999977,47.07003403
461,BMP1,230892,100760.9219,11.48999977,47.07003403
462,BMP1,231359,100761.0938,11.48999977,47.05488205
463,BMP1,231831,100761.2578,11.48999977,47.04174805
464,BMP1,232325,100760.8906,11.48999977,47.07255936
465,BMP1,232886,100760.7188,11.48999977,47.08670425
466,BMP1,233361,100760.7188,11.48999977,47.08670425
467,BMP1,233843,100760.7188,11.48999977,47.08670425
468,BMP1,234313,100760.5469,11.48999977,47.10084534
469,BMP1,234874,100760.2109,11.48999977,47.12913132
470,BMP1,235343,100760.2109,11.48999977,47.12913132
471,BMP1,235815,100760.0391,11.48999977,47.14327621
472,BMP1,236328,100760.0391,11.48999977,47.14327621
473,BMP1,236891,100759.875,11.48999977,47.15691376
474,BMP1,237381,100759.5,11.48999977,47.18873596
475,BMP1,237852,100759.5,11.48999977,47.18873596
476,BMP1,238333,100759.3281,11.48999977,47.20287704
477,BMP1,238895,100759.3281,11.48999977,47.20287704
478,BMP1,239367,100759.3281,11.48999977,47.20287704
479,BMP1,239836,100758.9688,11.47999954,47.23318481
480,BMP1,240309,100758.9688,11.47999954,47.23318481
481,BMP1,240906,100758.7656,11.47999954,47.24985123
482,BMP1,241375,100758.7656,11.47999954,47.24985123
483,BMP1,241850,100758.5625,11.47999954,47.26702499
484,BMP1,242327,100758.5625,11.47999954,47.26702499
485,BMP1,242887,100758.7344,11.47999954,47.25237656
486,BMP1,243358,100758.5313,11.47999954,47.26955032
487,BMP1,243832,100758.5313,11.47999954,47.26955032
488,BMP1,244313,100758.875,11.47999954,47.2407608
489,BMP1,244875,100758.875,11.47999954,47.2407608
490,BMP1,245346,100759.0391,11.47999954,47.22712326
491,BMP1,245820,100758.875,11.47999954,47.2407608
492,BMP1,246324,100758.875,11.47999954,47.2407608
493,BMP1,246887,100758.8438,11.47000027,47.24328613
494,BMP1,247368,100758.8438,11.47000027,47.24328613
495,BMP1,247855,100759.0078,11.47000027,47.22964859
496,BMP1,248340,100759.0078,11.47000027,47.22964859
497,BMP1,248904,100758.6406,11.47000027,47.25995636
498,BMP1,249412,100759.0078,11.47000027,47.22964859
499,BMP1,249884,100758.8438,11.47000027,47.24328613
500,BMP1,250355,100758.8438,11.47000027,47.24328613
501,BMP1,250949,100758.6719,11.47000027,47.25743103
502,BMP1,251309,100758.2969,11.47000027,47.28925323
503,BMP1,251934,100758.4688,11.47000027,47.2746048
504,BMP1,252438,100758.2969,11.47000027,47.28925323
505,BMP1,252850,100758.4688,11.47000027,47.2746048
506,BMP1,253319,100758.2969,11.47000027,47.28925323
507,BMP1,253944,100758.4688,11.47000027,47.2746048
508,BMP1,254311,100758.2969,11.47000027,47.28925323
509,BMP1,254872,100758.125,11.47000027,47.30339432
510,BMP1,255344,100758.2969,11.47000027,47.28925323
511,BMP1,255822,100758.2969,11.47000027,47.28925323
512,BMP1,256441,100758.8047,11.47000027,47.246315
513,BMP1,256849,100758.8047,11.47000027,47.246315
514,BMP1,257325,100758.4375,11.47000027,47.27763367
515,BMP1,257811,100758.4375,11.47000027,47.27763367
516,BMP1,258316,100758.4375,11.47000027,47.27763367
517,BMP1,258875,100758.4375,11.47000027,47.27763367
518,BMP1,259353,100758.6094,11.47000027,47.26298523
519,BMP1,259838,100758.7813,11.47000027,47.24833679
520,BMP1,260311,100758.5781,11.47000027,47.26601791
521,BMP1,260873,100758.75,11.47000027,47.25086212
522,BMP1,261343,100758.9141,11.47000027,47.23772812
523,BMP1,261816,100758.7188,11.46000004,47.25389481
524,BMP1,262316,100758.8906,11.46000004,47.23924637
525,BMP1,262880,100759.2266,11.46000004,47.21096039
526,BMP1,263347,100759.1953,11.46000004,47.21398926
527,BMP1,263830,100759.1953,11.46000004,47.21398926
528,BMP1,264469,100758.9922,11.46000004,47.23116302
529,BMP1,264883,100759.1563,11.46000004,47.21752548
530,BMP1,265356,100759.1563,11.46000004,47.21752548
531,BMP1,265828,100758.9688,11.46000004,47.23318481
532,BMP1,266308,100758.9688,11.46000004,47.23318481
533,BMP1,266872,100758.7656,11.44999981,47.24985123
534,BMP1,267346,100758.9297,11.44999981,47.23621368
535,BMP1,267842,100759.1016,11.44999981,47.2220726
536,BMP1,268317,100759.2656,11.44999981,47.2079277
537,BMP1,268877,100759.2656,11.44999981,47.2079277
538,BMP1,269346,100759.2656,11.44999981,47.2079277
539,BMP1,269820,100759.1016,11.44999981,47.2220726
540,BMP1,270338,100758.7344,11.44999981,47.25237656
541,BMP1,270899,100758.7344,11.44999981,47.25237656
542,BMP1,271403,100758.8984,11.44999981,47.23873901
543,BMP1,271872,100758.7344,11.44999981,47.25237656
544,BMP1,272343,100758.7344,11.44999981,47.25237656
545,BMP1,272907,100758.7344,11.44999981,47.25237656
546,BMP1,273412,100758.7344,11.44999981,47.25237656
547,BMP1,273889,100758.7344,11.44999981,47.25237656
548,BMP1,274361,100758.7344,11.44999981,47.25237656
549,BMP1,274922,100758.5625,11.44999981,47.26702499
550,BMP1,275425,100758.5625,11.44999981,47.26702499
551,BMP1,275897,100758.5625,11.44999981,47.26702499
552,BMP1,276359,100758.5625,11.44999981,47.26702499
553,BMP1,276918,100759.2656,11.44999981,47.2079277
554,BMP1,277419,100758.8984,11.44999981,47.23873901
555,BMP1,277892,100759.1016,11.44999981,47.2220726
556,BMP1,278346,100759.1016,11.44999981,47.2220726
557,BMP1,278904,100759.1016,11.44999981,47.2220726
558,BMP1,279375,100759.1016,11.44999981,47.2220726
559,BMP1,279840,100759.1016,11.44999981,47.2220726
560,BMP1,280314,100759.1016,11.44999981,47.2220726
561,BMP1,280871,100759.1016,11.44999981,47.2220726
562,BMP1,281344,100759.1016,11.44999981,47.2220726
563,BMP1,281834,100759.1016,11.44999981,47.2220726
564,BMP1,282307,100759.1016,11.44999981,47.2220726
565,BMP1,282880,100759.1328,11.46000004,47.21954727
566,BMP1,283386,100759.1328,11.46000004,47.21954727
567,BMP1,283858,100759.1328,11.46000004,47.21954727
568,BMP1,284328,100759.1328,11.46000004,47.21954727
569,BMP1,284900,100759.2969,11.46000004,47.20540237
570,BMP1,285426,100759.5,11.46000004,47.18873596
571,BMP1,285894,100759.3281,11.46000004,47.20287704
572,BMP1,286366,100759.3281,11.46000004,47.20287704
573,BMP1,286932,100759.3281,11.46000004,47.20287704
574,BMP1,287436,100759.1563,11.46000004,47.21752548
575,BMP1,287913,100759.5313,11.46000004,47.18570328
576,BMP1,288417,100759.7031,11.46000004,47.17156219
577,BMP1,288828,100759.3281,11.46000004,47.20287704
578,BMP1,289447,100759.5313,11.46000004,47.18570328
579,BMP1,289919,100759.3594,11.46000004,47.20035172
580,BMP1,290425,100759.3594,11.46000004,47.20035172
581,BMP1,290836,100759.3594,11.46000004,47.20035172
582,BMP1,291309,100759.3594,11.46000004,47.20035172
583,BMP1,291939,100759.3594,11.46000004,47.20035172
584,BMP1,292446,100759.3594,11.46000004,47.20035172
585,BMP1,292855,100759.3594,11.46000004,47.20035172
586,BMP1,293337,100759.5313,11.46000004,47.18570328
587,BMP1,293811,100759.5313,11.46000004,47.18570328
588,BMP1,294320,100759.3594,11.46000004,47.20035172
589,BMP1,294891,100759.3594,11.46000004,47.20035172
590,BMP1,295381,100759.3594,11.46000004,47.20035172
591,BMP1,295855,100759.5313,11.46000004,47.18570328
592,BMP1,296320,100759.5313,11.46000004,47.18570328
593,BMP1,296883,100759.7344,11.46000004,47.16903687
594,BMP1,297349,100759.7344,11.46000004,47.16903687
595,BMP1,297834,100759.7344,11.46000004,47.16903687
596,BMP1,298456,100759.7344,11.46000004,47.16903687
597,BMP1,298868,100759.5625,11.46000004,47.18317795
598,BMP1,299338,100759.5625,11.46000004,47.18317795
599,BMP1,299814,100759.7656,11.47000027,47.16650772
600,BMP1,300307,100759.5938,11.47000027,47.18065262
601,BMP1,300867,100759.4219,11.47000027,47.19479752
602,BMP1,301338,100759.4219,11.47000027,47.19479752
603,BMP1,301814,100759.4219,11.47000027,47.19479752
604,BMP1,302322,100759.4219,11.47000027,47.19479752
605,BMP1,302884,100759.4219,11.47000027,47.19479752
606,BMP1,303355,100759.625,11.47000027,47.17812729
607,BMP1,303843,100759.625,11.47000027,47.17812729
608,BMP1,304311,100759.4531,11.47000027,47.19226837
609,BMP1,304876,100759.4531,11.47000027,47.19226837
610,BMP1,305371,100759.4531,11.47000027,47.19226837
611,BMP1,305848,100759.625,11.47000027,47.17812729
612,BMP1,306322,100759.625,11.47000027,47.17812729
613,BMP1,306882,100759.625,11.47000027,47.17812729
614,BMP1,307358,100759.4219,11.47000027,47.19479752
615,BMP1,307833,100759.4219,11.47000027,47.19479752
616,BMP1,308309,100759.7656,11.47000027,47.16650772
617,BMP1,308876,100759.5625,11.46000004,47.18317795
618,BMP1,309349,100759.7344,11.46000004,47.16903687
619,BMP1,309825,100759.3594,11.46000004,47.20035172
620,BMP1,310328,100759.3594,11.46000004,47.20035172
621,BMP1,310894,100759.1563,11.46000004,47.21752548
622,BMP1,311368,100759.1563,11.46000004,47.21752548
623,BMP1,311841,100758.7969,11.46000004,47.2473259
624,BMP1,312327,100758.7969,11.46000004,47.2473259
625,BMP1,312887,100758.4219,11.44999981,47.27864456
626,BMP1,313354,100758.2188,11.44999981,47.29531097
627,BMP1,313826,100758.3906,11.44999981,47.28116989
628,BMP1,314444,100758.1953,11.44999981,47.29733276
629,BMP1,314860,100758.1563,11.44999981,47.30086899
630,BMP1,315328,100758.125,11.43999958,47.30339432
631,BMP1,315813,100758.4688,11.43999958,47.2746048
632,BMP1,316319,100758.6406,11.43999958,47.25995636
633,BMP1,316880,100758.4375,11.43999958,47.27763367
634,BMP1,317355,100758.4063,11.43999958,47.280159
635,BMP1,317841,100758.2031,11.43000031,47.29682922
636,BMP1,318306,100758.5469,11.43000031,47.26854324
637,BMP1,318863,100758.3438,11.43000031,47.28520966
638,BMP1,319359,100758.1406,11.43000031,47.30187988
639,BMP1,319840,100758.1406,11.43000031,47.30187988
640,BMP1,320308,100758.2813,11.43000031,47.29026031
641,BMP1,320871,100758.625,11.43000031,47.26197433
642,BMP1,321343,100758.5938,11.42000008,47.26449966
643,BMP1,321810,100758.3906,11.42000008,47.28116989
644,BMP1,322331,100758.5625,11.42000008,47.26702499
645,BMP1,322895,100758.5313,11.42000008,47.26955032
646,BMP1,323366,100758.5,11.42000008,47.27207947
647,BMP1,323835,100758.4688,11.40999985,47.2746048
648,BMP1,324306,100758.4375,11.40999985,47.27763367
649,BMP1,324870,100758.5781,11.40999985,47.26601791
650,BMP1,325341,100758.2031,11.39999962,47.29682922
651,BMP1,325830,100758.3438,11.39999962,47.28520966
652,BMP1,326450,100758.4844,11.39999962,47.2735939
653,BMP1,326860,100758.4531,11.39999962,47.27611923
654,BMP1,327342,100758.5938,11.39000034,47.26449966
655,BMP1,327813,100758.7266,11.39000034,47.25288391
656,BMP1,328318,100758.7266,11.39000034,47.25288391
657,BMP1,328878,100758.5,11.39000034,47.27207947
658,BMP1,329315,100758.5,11.39000034,47.27207947
659,BMP1,329846,100758.6641,11.39000034,47.25793457
660,BMP1,330318,100758.4688,11.38000011,47.2746048
661,BMP1,330881,100758.2656,11.38000011,47.29177856
662,BMP1,331348,100758.4297,11.38000011,47.27813721
663,BMP1,331829,100758.5781,11.38000011,47.26601791
664,BMP1,332302,100758.7109,11.38000011,47.25439835
665,BMP1,332887,100758.8516,11.36999989,47.24278259
666,BMP1,333363,100758.8203,11.36999989,47.24530792
667,BMP1,333834,100758.7813,11.36999989,47.24833679
668,BMP1,334307,100758.7578,11.36999989,47.25035858
669,BMP1,334872,100758.8906,11.35999966,47.23924637
670,BMP1,335347,100758.6953,11.35999966,47.25540924
671,BMP1,335827,100758.8281,11.35999966,47.24480057
672,BMP1,336313,100758.6016,11.35000038,47.26399612
673,BMP1,336875,100758.7344,11.35000038,47.25237656
674,BMP1,337347,100758.6719,11.34000015,47.25743103
675,BMP1,337820,100758.6719,11.34000015,47.25743103
676,BMP1,338324,100758.6406,11.34000015,47.25995636
677,BMP1,338888,100758.5859,11.34000015,47.26500702
678,BMP1,339352,100758.8906,11.32999992,47.23924637
679,BMP1,339847,100758.8281,11.32999992,47.24480057
680,BMP1,340326,100758.9688,11.32999992,47.23318481
681,BMP1,340882,100758.9063,11.31999969,47.23823547
682,BMP1,341383,100759.0469,11.31999969,47.22661591
683,BMP1,341858,100758.8125,11.31000042,47.24581146
684,BMP1,342336,100758.7813,11.31000042,47.24833679
685,BMP1,342898,100758.9219,11.31000042,47.23672104
686,BMP1,343380,100758.6875,11.30000019,47.25642014
687,BMP1,343856,100758.8281,11.30000019,47.24480057
688,BMP1,344342,100758.9688,11.30000019,47.23318481
689,BMP1,344905,100758.9375,11.28999996,47.23571014
690,BMP1,345373,100758.7344,11.28999996,47.25237656
691,BMP1,345847,100758.875,11.28999996,47.2407608
692,BMP1,346325,100758.875,11.28999996,47.19883728
693,BMP1,346890,100758.4375,11.27999973,47.27763367
694,BMP1,347366,100758.4375,11.27999973,47.27763367
695,BMP1,347838,100758.4375,11.27999973,47.27763367
696,BMP1,348310,100758.5781,11.27999973,47.26601791
697,BMP1,348876,100758.5469,11.27000046,47.26854324
698,BMP1,349353,100758.6797,11.27000046,47.25692368
699,BMP1,349841,100758.2813,11.26000023,47.29026031
700,BMP1,350310,100758.5938,11.26000023,47.26449966
701,BMP1,350869,100758.8984,11.26000023,47.23873901
702,BMP1,351342,100758.8359,11.25,47.24378967
703,BMP1,351814,100759.3125,11.25,47.20388794
704,BMP1,352316,100759.625,11.25,47.17812729
705,BMP1,352890,100759.3906,11.23999977,47.19732285
706,BMP1,353382,100759.5313,11.23999977,47.18570328
707,BMP1,353851,100759.5,11.23999977,47.18873596
708,BMP1,354325,100759.6406,11.23999977,47.17661285
709,BMP1,354886,100759.6094,11.22999954,47.17964172
710,BMP1,355355,100759.9063,11.22999954,47.15438843
711,BMP1,355830,100759.9063,11.22999954,47.15438843
712,BMP1,356303,100759.8828,11.22999954,47.1564064
713,BMP1,356867,100759.8516,11.22999954,47.15893173
714,BMP1,357341,100760.1563,11.22000027,47.13367844
715,BMP1,357817,100759.7578,11.22000027,47.16701508
716,BMP1,358311,100759.8906,11.22000027,47.15590286
717,BMP1,358884,100760.0625,11.21000004,47.14125443
718,BMP1,359360,100760.2031,11.21000004,47.12963867
719,BMP1,359844,100760.1719,11.21000004,47.132164
720,BMP1,360338,100760.1406,11.21000004,47.13519287
721,BMP1,360892,100760.3047,11.21000004,47.12155533
722,BMP1,361356,100759.9375,11.19999981,47.1518631
723,BMP1,361829,100759.9375,11.19999981,47.1518631
724,BMP1,362454,100759.9375,11.19999981,47.1518631
725,BMP1,362867,100759.5703,11.19999981,47.18267441
726,BMP1,363353,100759.3984,11.19999981,47.19681549
727,BMP1,363827,100759.5703,11.19999981,47.18267441
728,BMP1,364313,100759.5703,11.19999981,47.18267441
729,BMP1,364876,100759.3984,11.19999981,47.19681549
730,BMP1,365346,100759.3984,11.19999981,47.19681549
731,BMP1,365817,100759.3984,11.19999981,47.19681549
732,BMP1,366324,100759.2344,11.19999981,47.21045303
733,BMP1,366891,100758.8906,11.19999981,47.23924637
734,BMP1,367362,100758.8906,11.19999981,47.23924637
735,BMP1,367835,100759.0938,11.19999981,47.22257614
736,BMP1,368311,100758.75,11.19999981,47.25086212
737,BMP1,368877,100758.7813,11.21000004,47.24833679
738,BMP1,369353,100758.6094,11.21000004,47.26298523
739,BMP1,369825,100758.8125,11.21000004,47.24581146
740,BMP1,370313,100758.4766,11.21000004,47.27409744
741,BMP1,370873,100758.8438,11.21000004,47.24328613
742,BMP1,371345,100758.6719,11.21000004,47.25743103
743,BMP1,371818,100758.875,11.21000004,47.2407608
744,BMP1,372441,100758.875,11.21000004,47.2407608
745,BMP1,372852,100758.7031,11.21000004,47.25490189
746,BMP1,373313,100758.7031,11.21000004,47.25490189
747,BMP1,373951,100758.5391,11.22000027,47.26904678
748,BMP1,374303,100758.5391,11.22000027,47.26904678
749,BMP1,374864,100758.5391,11.22000027,47.26904678
750,BMP1,375334,100758.2031,11.22000027,47.29682922
751,BMP1,375819,100758.375,11.22000027,47.28268433
752,BMP1,376323,100758.375,11.22000027,47.28268433
753,BMP1,376885,100758.375,11.22000027,47.28268433
754,BMP1,377380,100758.375,11.22000027,47.28268433
755,BMP1,377854,100758.2031,11.22000027,47.29682922
756,BMP1,378327,100758.4063,11.22000027,47.280159
757,BMP1,378893,100758.5781,11.22000027,47.26601791
758,BMP1,379369,100758.4063,11.22000027,47.280159
759,BMP1,379843,100758.4297,11.22000027,47.27813721
760,BMP1,380319,100758.4297,11.22000027,47.27813721
761,BMP1,380884,100758.4297,11.22000027,47.27813721
762,BMP1,381359,100758.6016,11.22000027,47.26399612
763,BMP1,381825,100758.6016,11.22000027,47.26399612
764,BMP1,382445,100758.7656,11.22000027,47.24985123
765,BMP1,382854,100758.6016,11.22000027,47.26399612
766,BMP1,383329,100758.6016,11.22000027,47.26399612
767,BMP1,383916,100758.9375,11.22000027,47.23571014
768,BMP1,384424,100758.9375,11.22000027,47.23571014
769,BMP1,384835,100758.5781,11.22000027,47.26601791
770,BMP1,385308,100758.7422,11.22000027,47.25187302
771,BMP1,385929,100758.5391,11.22000027,47.26904678
772,BMP1,386436,100758.7031,11.21000004,47.25490189
773,BMP1,386849,100758.875,11.21000004,47.2407608
774,BMP1,387336,100758.6719,11.21000004,47.25743103
775,BMP1,387829,100758.8438,11.21000004,47.24328613
776,BMP1,388309,100758.8125,11.21000004,47.24581146
777,BMP1,388870,100759.3281,11.21000004,47.20287704
778,BMP1,389339,100759.2891,11.21000004,47.20590973
779,BMP1,389811,100759.2656,11.19999981,47.2079277
780,BMP1,390319,100759.3984,11.19999981,47.19681549
781,BMP1,390893,100759.5313,11.19999981,47.18570328
782,BMP1,391364,100759.5078,11.19999981,47.18772507
783,BMP1,391830,100759.5078,11.19999981,47.18772507
784,BMP1,392304,100759.4766,11.18999958,47.1902504
785,BMP1,392868,100759.4453,11.18999958,47.19277573
786,BMP1,393344,100759.5859,11.18999958,47.18115616
787,BMP1,393816,100759.3516,11.18000031,47.20085526
788,BMP1,394305,100759.4844,11.18000031,47.18974304
789,BMP1,394862,100759.625,11.18000031,47.17812729
790,BMP1,395335,100759.2266,11.17000008,47.21096039
791,BMP1,395806,100759.2031,11.17000008,47.21297836
792,BMP1,396306,100759.3359,11.17000008,47.20186615
793,BMP1,396867,100759.2969,11.17000008,47.20540237
794,BMP1,397345,100759.2656,11.15999985,47.2079277
795,BMP1,397838,100759.0781,11.15999985,47.22409058
796,BMP1,398310,100759.2109,11.15999985,47.21247482
797,BMP1,398876,100759.1719,11.15999985,47.21601105
798,BMP1,399370,100759.1484,11.14999962,47.21802902
799,BMP1,399852,100758.9531,11.14999962,47.23419571
800,BMP1,400323,100759.4531,11.14999962,47.19226837
801,BMP1,400904,100759.4531,11.14999962,47.19226837
802,BMP1,401412,100759.4219,11.14999962,47.19479752
803,BMP1,401881,100759.4219,11.14999962,47.19479752
804,BMP1,402353,100759.2188,11.14000034,47.21197128
805,BMP1,402914,100759.0156,11.14000034,47.22914124
806,BMP1,403418,100758.9844,11.14000034,47.23167038
807,BMP1,403881,100758.9609,11.14000034,47.23368835
808,BMP1,404369,100758.9531,11.13000011,47.23419571
809,BMP1,404930,100759.2969,11.13000011,47.20540237
810,BMP1,405436,100759.0938,11.13000011,47.22257614
811,BMP1,405908,100759.0625,11.13000011,47.22510147
812,BMP1,406412,100758.8594,11.13000011,47.2417717
813,BMP1,406818,100758.6563,11.11999989,47.25894547
814,BMP1,407324,100758.625,11.11999989,47.26197433
815,BMP1,407811,100758.7656,11.11999989,47.24985123
816,BMP1,408308,100758.7344,11.11999989,47.25237656
817,BMP1,408873,100759.0469,11.10999966,47.22661591
818,BMP1,409339,100759.0156,11.10999966,47.22914124
819,BMP1,409813,100759.0156,11.10999966,47.22914124
820,BMP1,410318,100758.9844,11.10999966,47.23167038
821,BMP1,410895,100758.75,11.10000038,47.25086212
822,BMP1,411411,100758.75,11.10000038,47.25086212
823,BMP1,411883,100758.5469,11.10000038,47.26854324
824,BMP1,412351,100758.5156,11.10000038,47.27106857
825,BMP1,412913,100758.6875,11.10000038,47.25642014
826,BMP1,413415,100758.6875,11.10000038,47.25642014
827,BMP1,413884,100758.3203,11.10000038,47.28723145
828,BMP1,414358,100758.3203,11.10000038,47.28723145
829,BMP1,414927,100758.3203,11.10000038,47.28723145
830,BMP1,415431,100758.3203,11.10000038,47.28723145
831,BMP1,415914,100758.1484,11.10000038,47.30137253
832,BMP1,416421,100758.1484,11.10000038,47.30137253
833,BMP1,416846,100758.3203,11.10000038,47.28723145
834,BMP1,417314,100758.1484,11.10000038,47.30137253
835,BMP1,417806,100758.1484,11.10000038,47.30137253
836,BMP1,418450,100758.3516,11.10000038,47.28470612
837,BMP1,418861,100758.1797,11.10000038,47.2988472
838,BMP1,419333,100758.1797,11.10000038,47.2988472
839,BMP1,419806,100758.1797,11.10000038,47.2988472
840,BMP1,420303,100758.3828,11.10000038,47.28218079
841,BMP1,420864,100758.3828,11.10000038,47.28218079
842,BMP1,421356,100758.3828,11.10000038,47.28218079
843,BMP1,421831,100758.5781,11.10000038,47.26601791
844,BMP1,422305,100758.4063,11.10000038,47.280159
845,BMP1,422878,100758.2422,11.10000038,47.29379654
846,BMP1,423353,100758.4453,11.10999966,47.27662277
847,BMP1,423824,100758.2734,11.10999966,47.29076767
848,BMP1,424449,100758.1094,11.10999966,47.30440521
849,BMP1,424859,100757.9375,11.10999966,47.31955719
850,BMP1,425322,100757.9375,11.10999966,47.31955719
851,BMP1,425946,100757.7656,11.10999966,47.33370209
852,BMP1,426446,100757.5938,11.10999966,47.34784317
853,BMP1,426862,100757.7969,11.10999966,47.33117676
854,BMP1,427332,100757.7969,11.10999966,47.33117676
855,BMP1,427803,100757.7969,11.10999966,47.33117676
856,BMP1,428320,100757.7969,11.10999966,47.33117676
857,BMP1,428878,100757.625,11.10999966,47.34531784
858,BMP1,429354,100757.625,11.10999966,47.34531784
859,BMP1,429821,100757.7969,11.10999966,47.33117676
860,BMP1,430445,100757.7969,11.10999966,47.33117676
861,BMP1,430858,100757.7969,11.10999966,47.33117676
862,BMP1,431331,100757.4297,11.10999966,47.36198807
863,BMP1,431820,100757.4297,11.10999966,47.36198807
864,BMP1,432325,100757.2578,11.10999966,47.37613297
865,BMP1,432888,100757.2578,11.10999966,47.37613297
866,BMP1,433359,100757.625,11.10999966,47.34531784
867,BMP1,433830,100757.2578,11.10999966,47.37613297
868,BMP1,434317,100757.2578,11.10999966,47.37613297
869,BMP1,434931,100757.0938,11.10999966,47.38977051
870,BMP1,435436,100757.4609,11.10999966,47.35946274
871,BMP1,435912,100757.4609,11.10999966,47.35946274
872,BMP1,436414,100757.2891,11.10999966,47.37360382
873,BMP1,436823,100757.2891,11.10999966,47.37360382
874,BMP1,437443,100757.2891,11.10999966,47.37360382
875,BMP1,437922,100757.125,11.10999966,47.38724518
876,BMP1,438360,100757.125,11.10999966,47.38724518
877,BMP1,438922,100757.3281,11.10999966,47.37007141
878,BMP1,439429,100757.3281,11.10999966,47.37007141
879,BMP1,439900,100757.4922,11.10999966,47.35592651
880,BMP1,440366,100757.3281,11.10999966,47.37007141
881,BMP1,440925,100757.8594,11.10999966,47.32561874
882,BMP1,441429,100757.8594,11.10999966,47.32561874
883,BMP1,441918,100757.6875,11.10999966,47.33976364
884,BMP1,442416,100758.0625,11.11999989,47.30844498
885,BMP1,442829,100758.0625,11.11999989,47.30844498
886,BMP1,443450,100758.4297,11.11999989,47.27813721
887,BMP1,443926,100758.2656,11.11999989,47.29177856
888,BMP1,444429,100758.625,11.11999989,47.26197433
889,BMP1,444838,100758.8281,11.11999989,47.24480057
890,BMP1,445325,100758.4922,11.11999989,47.27308655
891,BMP1,445812,100758.4922,11.11999989,47.27308655
892,BMP1,446315,100758.3281,11.11999989,47.28672409
893,BMP1,446873,100758.6953,11.13000011,47.25540924
894,BMP1,447335,100758.3594,11.13000011,47.28369522
895,BMP1,447822,100758.5547,11.13000011,47.26753235
896,BMP1,448460,100758.3906,11.13000011,47.28116989
897,BMP1,448870,100758.4141,11.13000011,47.2791481
898,BMP1,449343,100758.25,11.13000011,47.29278564
899,BMP1,449817,100758.4531,11.13000011,47.27611923
900,BMP1,450323,100758.4531,11.13000011,47.27611923
901,BMP1,450884,100758.625,11.14000034,47.26197433
902,BMP1,451361,100758.8203,11.14000034,47.24530792
903,BMP1,451835,100759.0156,11.14000034,47.22914124
904,BMP1,452311,100758.8516,11.14000034,47.24278259
905,BMP1,452874,100759.0469,11.14000034,47.22661591
906,BMP1,453358,100759.0469,11.14000034,47.22661591
907,BMP1,453828,100759.25,11.14999962,47.2089386
908,BMP1,454447,100759.0859,11.14999962,47.2230835
909,BMP1,454855,100759.0859,11.14999962,47.2230835
910,BMP1,455325,100759.0859,11.14999962,47.2230835
911,BMP1,455810,100759.2813,11.14999962,47.20641327
912,BMP1,456317,100759.2813,11.14999962,47.20641327
913,BMP1,456884,100759.1094,11.14999962,47.22156525
914,BMP1,457355,100759.4531,11.14999962,47.19226837
915,BMP1,457844,100759.2813,11.14999962,47.20641327
916,BMP1,458322,100759.1172,11.14999962,47.22055435
917,BMP1,458906,100759.1172,11.14999962,47.22055435
918,BMP1,459409,100759.8281,11.14999962,47.16095352
919,BMP1,459883,100759.8281,11.14999962,47.16095352
920,BMP1,460356,100759.6563,11.14999962,47.17560196
921,BMP1,460919,100759.4844,11.14999962,47.18974304
922,BMP1,461429,100759.6875,11.15999985,47.17307663
923,BMP1,461893,100759.6875,11.15999985,47.17307663
924,BMP1,462417,100759.6875,11.15999985,47.17307663
925,BMP1,462826,100759.5156,11.15999985,47.18721771
926,BMP1,463331,100759.5156,11.15999985,47.18721771
927,BMP1,463954,100759.8906,11.15999985,47.15590286
928,BMP1,464309,100759.8906,11.15999985,47.15590286
929,BMP1,464871,100759.5469,11.15999985,47.18469238
930,BMP1,465339,100759.5469,11.15999985,47.18469238
931,BMP1,465832,100759.5469,11.15999985,47.18469238
932,BMP1,466445,100759.375,11.15999985,47.19883728
933,BMP1,466859,100759.2109,11.15999985,47.21247482
934,BMP1,467328,100759.0391,11.15999985,47.22712326
935,BMP1,467810,100759.4063,11.15999985,47.19631195
936,BMP1,468308,100759.2422,11.15999985,47.20994949
937,BMP1,468885,100759.0781,11.15999985,47.22409058
938,BMP1,469372,100759.0781,11.15999985,47.22409058
939,BMP1,469843,100759.0781,11.15999985,47.22409058
940,BMP1,470321,100759.0781,11.15999985,47.22409058
941,BMP1,470880,100759.0781,11.15999985,47.22409058
942,BMP1,471351,100759.2422,11.15999985,47.20994949
943,BMP1,471833,100759.2422,11.15999985,47.20994949
944,BMP1,472326,100759.6094,11.15999985,47.17964172
945,BMP1,472890,100759.4375,11.15999985,47.19378662
946,BMP1,473360,100759.4375,11.15999985,47.19378662
947,BMP1,473834,100759.4375,11.15999985,47.19378662
948,BMP1,474306,100759.4375,11.15999985,47.19378662
949,BMP1,474869,100759.6094,11.15999985,47.17964172
950,BMP1,475345,100759.4375,11.15999985,47.19378662
951,BMP1,475836,100759.2656,11.15999985,47.2079277
952,BMP1,476309,100759.2656,11.15999985,47.2079277
953,BMP1,476867,100759.0781,11.15999985,47.22409058
954,BMP1,477355,100759.0781,11.15999985,47.22409058
955,BMP1,477837,100759.0781,11.15999985,47.22409058
956,BMP1,478305,100759.2422,11.15999985,47.20994949
957,BMP1,478862,100759.4063,11.15999985,47.19631195
958,BMP1,479355,100759.4063,11.15999985,47.19631195
959,BMP1,479825,100759.2422,11.15999985,47.20994949
960,BMP1,480310,100759.2422,11.15999985,47.20994949
961,BMP1,480883,100759.0391,11.15999985,47.22712326
962,BMP1,481354,100759.0391,11.15999985,47.22712326
963,BMP1,481828,100759.0391,11.15999985,47.22712326
964,BMP1,482445,100759.0391,11.15999985,47.22712326
965,BMP1,482863,100758.875,11.15999985,47.2407608
966,BMP1,483335,100758.875,11.15999985,47.2407608
967,BMP1,483803,100758.6719,11.15999985,47.25743103
968,BMP1,484309,100758.6719,11.15999985,47.25743103
969,BMP1,484863,100758.8438,11.15999985,47.24328613
970,BMP1,485338,100758.5,11.15999985,47.27207947
971,BMP1,485809,100758.1328,11.14999962,47.30289078
972,BMP1,486451,100758.2969,11.14999962,47.28925323
973,BMP1,486863,100758.1328,11.14999962,47.30289078
974,BMP1,487335,100757.9688,11.14999962,47.31652832
975,BMP1,487808,100758.1328,11.14999962,47.30289078
976,BMP1,488313,100758.1328,11.14999962,47.30289078
977,BMP1,488877,100757.7656,11.14999962,47.33370209
978,BMP1,489369,100758.1016,11.14999962,47.30541611
979,BMP1,489833,100757.9375,11.14999962,47.31955719
980,BMP1,490308,100757.7656,11.14999962,47.33370209
981,BMP1,490888,100757.7656,11.14999962,47.33370209
982,BMP1,491363,100757.7656,11.14999962,47.33370209
983,BMP1,491836,100757.7656,11.14999962,47.33370209
984,BMP1,492324,100757.7656,11.14999962,47.33370209
985,BMP1,492997,100758.1016,11.14999962,47.30541611
986,BMP1,493327,100758.1016,11.14999962,47.30541611
987,BMP1,493945,100758.1016,11.14999962,47.30541611
988,BMP1,494303,100758.1016,11.14999962,47.30541611
989,BMP1,494859,100758.1016,11.14999962,47.30541611
990,BMP1,495335,100757.9219,11.14999962,47.32056808
991,BMP1,495811,100757.9219,11.14999962,47.32056808
992,BMP1,496333,100758.0938,11.14999962,47.30591965
993,BMP1,496894,100758.0938,11.14999962,47.30591965
994,BMP1,497376,100758.2656,11.14999962,47.29177856
995,BMP1,497853,100758.2656,11.14999962,47.29177856
996,BMP1,498325,100757.9219,11.14999962,47.32056808
997,BMP1,498885,100757.5625,11.14999962,47.3503685
998,BMP1,499359,100757.7344,11.14999962,47.33622742
999,BMP1,499838,100757.8906,11.14999962,47.32309341
1000,BMP1,500307,100757.8906,11.14999962,47.32309341
1001,BMP1,500869,100757.7031,11.14000034,47.33875275
1002,BMP1,501342,100757.7031,11.14000034,47.33875275
1003,BMP1,501809,100757.7031,11.14000034,47.33875275
1004,BMP1,502317,100757.8672,11.14000034,47.3251152
1005,BMP1,502875,100757.5,11.14000034,47.35542297
1006,BMP1,503358,100757.5,11.14000034,47.35542297
1007,BMP1,503830,100757.6641,11.14000034,47.34178162
1008,BMP1,504323,100757.6641,11.14000034,47.34178162
1009,BMP1,504890,100757.6641,11.14000034,47.34178162
1010,BMP1,505365,100757.8359,11.14000034,47.32764053
1011,BMP1,505835,100757.8359,11.14000034,47.32764053
1012,BMP1,506303,100757.4688,11.14000034,47.35845184
1013,BMP1,506896,100757.4688,11.14000034,47.35845184
1014,BMP1,507366,100757.4688,11.14000034,47.35845184
1015,BMP1,507837,100757.0938,11.14000034,47.38977051
1016,BMP1,508312,100757.0938,11.14000034,47.38977051
1017,BMP1,508875,100757.2656,11.14000034,47.37562561
1018,BMP1,509348,100757.2656,11.14000034,47.37562561
1019,BMP1,509843,100757.2656,11.14000034,47.37562561
1020,BMP1,510314,100757.4375,11.14000034,47.36097717
1021,BMP1,510873,100757.0938,11.13000011,47.38977051
1022,BMP1,511343,100757.0938,11.13000011,47.38977051
1023,BMP1,511814,100757.4375,11.13000011,47.36097717
1024,BMP1,512322,100757.6016,11.13000011,47.34733963
1025,BMP1,512885,100757.4375,11.13000011,47.36097717
1026,BMP1,513372,100757.6016,11.13000011,47.34733963
1027,BMP1,513847,100757.2344,11.13000011,47.37815094
1028,BMP1,514324,100757.3984,11.13000011,47.3645134
1029,BMP1,514881,100757.3984,11.13000011,47.3645134
1030,BMP1,515355,100757.2031,11.13000011,47.38067627
1031,BMP1,515846,100757.2031,11.13000011,47.38067627
1032,BMP1,516317,100757.375,11.13000011,47.36653519
1033,BMP1,516902,100756.8281,11.13000011,47.41199493
1034,BMP1,517414,100757,11.13000011,47.3973465
1035,BMP1,517885,100757,11.13000011,47.3973465
1036,BMP1,518358,100757.1719,11.13000011,47.3832016
1037,BMP1,518915,100757.1719,11.13000011,47.3832016
1038,BMP1,519420,100756.9688,11.11999989,47.39987183
1039,BMP1,519893,100756.9688,11.11999989,47.39987183
1040,BMP1,520365,100756.9688,11.11999989,47.39987183
1041,BMP1,520929,100757.1406,11.11999989,47.38572693
1042,BMP1,521434,100757.3125,11.11999989,47.37158585
1043,BMP1,521906,100757.3125,11.11999989,47.37158585
1044,BMP1,522380,100756.9375,11.11999989,47.40239716
1045,BMP1,522947,100757.1094,11.11999989,47.38825226
1046,BMP1,523467,100757.2734,11.11999989,47.37461472
1047,BMP1,523939,100757.4531,11.11999989,47.35996628
1048,BMP1,524444,100757.25,11.11999989,47.37663651
1049,BMP1,524854,100757.4141,11.11999989,47.36299896
1050,BMP1,525322,100757.5859,11.11999989,47.34835052
1051,BMP1,525943,100757.0469,11.11999989,47.39330673
1052,BMP1,526449,100757.0469,11.11999989,47.39330673
1053,BMP1,526862,100757.2188,11.11999989,47.37916183
1054,BMP1,527349,100756.8438,11.10999966,47.41098404
1055,BMP1,527822,100756.8438,11.10999966,47.41098404
1056,BMP1,528337,100756.8438,11.10999966,47.41098404
1057,BMP1,528898,100756.4766,11.10999966,47.44129181
1058,BMP1,529366,100756.4766,11.10999966,47.44129181
1059,BMP1,529842,100756.4766,11.10999966,47.44129181
1060,BMP1,530358,100756.4766,11.10999966,47.44129181
1061,BMP1,530922,100756.3125,11.10999966,47.45543671
1062,BMP1,531424,100756.4766,11.10999966,47.44129181
1063,BMP1,531899,100756.4766,11.10999966,47.44129181
1064,BMP1,532376,100756.6406,11.10999966,47.42765427
1065,BMP1,532934,100756.4453,11.10999966,47.44381714
1066,BMP1,533303,100756.4453,11.10999966,47.44381714
1067,BMP1,533945,100756.6094,11.10999966,47.4301796
1068,BMP1,534453,100756.4453,11.10999966,47.44381714
1069,BMP1,534867,100756.6094,11.10999966,47.4301796
1070,BMP1,535340,100756.6094,11.10999966,47.4301796
1071,BMP1,535813,100756.6094,11.10999966,47.4301796
1072,BMP1,536320,100756.4453,11.10999966,47.44381714
1073,BMP1,536888,100756.2734,11.10999966,47.45846558
1074,BMP1,537372,100756.1094,11.10999966,47.47210312
1075,BMP1,537839,100756.1094,11.10999966,47.47210312
1076,BMP1,538328,100756.1094,11.10999966,47.47210312
1077,BMP1,538893,100755.9375,11.10999966,47.48624802
1078,BMP1,539378,100756.1094,11.10999966,47.47210312
1079,BMP1,539845,100756.4766,11.10999966,47.44129181
1080,BMP1,542018,100756.1094,11.10999966,47.47210312
1081,BMP1,542211,100756.1094,11.10999966,47.47210312
1082,BMP1,542382,100756.1094,11.10999966,47.47210312
1083,BMP1,542720,100756.2734,11.10999966,47.45846558
1084,BMP1,542890,100756.2734,11.10999966,47.45846558
1085,BMP1,543064,100756.2734,11.10999966,47.45846558
1086,BMP1,543381,100756.2734,11.10999966,47.45846558
1087,BMP1,543858,100756.2734,11.10999966,47.45846558
1088,BMP1,544335,100756.2734,11.10999966,47.45846558
1089,BMP1,544897,100756.2734,11.10999966,47.45846558
1090,BMP1,545373,100756.1094,11.10999966,47.47210312
1091,BMP1,545859,100756.2734,11.10999966,47.45846558
1092,BMP1,546329,100756.2734,11.10999966,47.45846558
1093,BMP1,546895,100756.4453,11.10999966,47.44381714
1094,BMP1,547368,100756.4453,11.10999966,47.44381714
1095,BMP1,547843,100756.2734,11.10999966,47.45846558
1096,BMP1,548317,100756.2734,11.10999966,47.45846558
1097,BMP1,548878,100756.1094,11.10999966,47.47210312
1098,BMP1,549326,100755.9375,11.10999966,47.48624802
1099,BMP1,549948,100755.9375,11.10999966,47.48624802
1100,BMP1,550307,100755.9375,11.10999966,47.48624802
1101,BMP1,550867,100755.5625,11.10999966,47.51807022
1102,BMP1,551343,100755.7344,11.10999966,47.50342178
1103,BMP1,551821,100755.7344,11.10999966,47.50342178
1104,BMP1,552330,100755.9063,11.10999966,47.48877335
1105,BMP1,552922,100755.5313,11.10000038,47.52059555
1106,BMP1,553429,100756.0781,11.10999966,47.47462845
1107,BMP1,553906,100755.875,11.10000038,47.49129868
1108,BMP1,554412,100755.875,11.10000038,47.49129868
1109,BMP1,554834,100755.875,11.10000038,47.49129868
1110,BMP1,555305,100755.875,11.10000038,47.49129868
1111,BMP1,555935,100755.6719,11.10000038,47.5089798
1112,BMP1,556445,100755.6719,11.10000038,47.5089798
1113,BMP1,556858,100755.6719,11.10000038,47.5089798
1114,BMP1,557333,100755.6719,11.10000038,47.5089798
1115,BMP1,557810,100755.6719,11.10000038,47.5089798
1116,BMP1,558318,100755.8438,11.10000038,47.49433136
1117,BMP1,558885,100755.4688,11.10000038,47.52564621
1118,BMP1,559359,100755.6406,11.10000038,47.51150513
1119,BMP1,559831,100755.6406,11.10000038,47.51150513
1120,BMP1,561813,100755.0781,11.09000015,47.55847931
1121,BMP1,561989,100755.0781,11.09000015,47.55847931
1122,BMP1,562158,100755.0781,11.09000015,47.55847931
1123,BMP1,562332,100755.0781,11.09000015,47.55847931
1124,BMP1,562596,100755.0781,11.09000015,47.55847931
1125,BMP1,562915,100754.7031,11.09000015,47.58929443
1126,BMP1,563422,100754.875,11.09000015,47.57514954
1127,BMP1,563890,100754.875,11.09000015,47.57514954
1128,BMP1,564363,100755.0469,11.09000015,47.56100464
1129,BMP1,564942,100755.0469,11.09000015,47.56100464
1130,BMP1,565446,100754.8438,11.09000015,47.57767487
1131,BMP1,565918,100754.8438,11.09000015,47.57767487
1132,BMP1,566399,100755.0078,11.09000015,47.56454086
1133,BMP1,566812,100755.0078,11.09000015,47.56454086
1134,BMP1,567320,100755.0078,11.09000015,47.56454086
1135,BMP1,567966,100754.6406,11.09000015,47.59484863
1136,BMP1,568321,100754.8125,11.09000015,47.58070755
1137,BMP1,568884,100754.8125,11.09000015,47.58070755
1138,BMP1,569359,100754.8125,11.09000015,47.58070755
1139,BMP1,569841,100754.4375,11.07999992,47.6120224
1140,BMP1,570323,100754.6094,11.07999992,47.59737396
1141,BMP1,570880,100754.6094,11.07999992,47.59737396
1142,BMP1,571378,100754.6094,11.07999992,47.59737396
1143,BMP1,571853,100754.2344,11.07999992,47.62869263
1144,BMP1,572327,100754.2344,11.07999992,47.62869263
1145,BMP1,572892,100754.4063,11.07999992,47.61454773
1146,BMP1,573372,100754.4063,11.07999992,47.61454773
1147,BMP1,573845,100754.4063,11.07999992,47.61454773
1148,BMP1,574319,100754.0391,11.07999992,47.6448555
1149,BMP1,574898,100753.8672,11.07999992,47.65950775
1150,BMP1,575367,100753.8672,11.07999992,47.65950775
1151,BMP1,575843,100753.6719,11.07999992,47.67567062
1152,BMP1,576320,100753.6719,11.07999992,47.67567062
1153,BMP1,576880,100753.8438,11.07999992,47.66152573
1154,BMP1,577355,100753.6406,11.06999969,47.67869949
1155,BMP1,577840,100753.6406,11.06999969,47.67869949
1156,BMP1,578340,100753.8125,11.06999969,47.66405106
1157,BMP1,578900,100753.4375,11.06999969,47.69587708
1158,BMP1,579375,100753.6094,11.06999969,47.68122864
1159,BMP1,579848,100753.6094,11.06999969,47.68122864
1160,BMP1,580311,100753.7813,11.06999969,47.66657639
1161,BMP1,580874,100753.5781,11.06999969,47.68375397
1162,BMP1,581349,100753.4063,11.06999969,47.6984024
1163,BMP1,581822,100753.5781,11.06999969,47.68375397
1164,BMP1,582326,100753.5781,11.06999969,47.68375397
1165,BMP1,582886,100753.4063,11.06999969,47.6984024
1166,BMP1,583387,100753.4063,11.06999969,47.6984024
1167,BMP1,583864,100753.2344,11.06999969,47.71254349
1168,BMP1,584336,100753.0391,11.06000042,47.72871017
1169,BMP1,584898,100753.2031,11.06000042,47.71507263
1170,BMP1,585408,100753.375,11.06000042,47.70092773
1171,BMP1,585880,100753.1719,11.06000042,47.71759796
1172,BMP1,586364,100753.1719,11.06000042,47.71759796
1173,BMP1,586922,100753.1719,11.06000042,47.71759796
1174,BMP1,587429,100753,11.06000042,47.73173904
1175,BMP1,587901,100753,11.06000042,47.73173904
1176,BMP1,588376,100752.6328,11.06000042,47.76305771
1177,BMP1,588814,100752.6328,11.06000042,47.76305771
1178,BMP1,589322,100752.6328,11.06000042,47.76305771
1179,BMP1,589818,100752.4688,11.06000042,47.77669907
1180,BMP1,590331,100752.4688,11.06000042,47.77669907
1181,BMP1,590895,100752.6328,11.06000042,47.76305771
1182,BMP1,591365,100752.4688,11.06000042,47.77669907
1183,BMP1,591845,100752.4688,11.06000042,47.77669907
1184,BMP1,592321,100752.0938,11.05000019,47.80801773
1185,BMP1,592881,100752.0938,11.05000019,47.80801773
1186,BMP1,593350,100752.4375,11.05000019,47.7792244
1187,BMP1,593823,100752.6016,11.05000019,47.76558304
1188,BMP1,594439,100752.7734,11.05000019,47.75144196
1189,BMP1,595808,100752.5703,11.05000019,47.76810837
1190,BMP1,596075,100752.5703,11.05000019,47.76810837
1191,BMP1,596338,100752.7344,11.05000019,47.75447083
1192,BMP1,596697,100752.9063,11.05000019,47.73982239
1193,BMP1,596961,100752.9063,11.05000019,47.73982239
1194,BMP1,597469,100752.9063,11.05000019,47.73982239
1195,BMP1,597974,100752.7031,11.05000019,47.75699615
1196,BMP1,598484,100752.7031,11.05000019,47.75699615
1197,BMP1,598844,100752.7031,11.05000019,47.75699615
1198,BMP1,599386,100752.875,11.05000019,47.74234772
1199,BMP1,599898,100752.5078,11.05000019,47.77316284
1200,BMP1,600407,100752.6797,11.05000019,47.75901794
1201,BMP1,601006,100752.8438,11.05000019,47.7453804
1202,BMP1,601515,100752.8438,11.05000019,47.7453804
1203,BMP1,601805,100752.8438,11.05000019,47.7453804
1204,BMP1,602306,100752.8125,11.03999996,47.74790573
1205,BMP1,602937,100752.6484,11.03999996,47.76154327
1206,BMP1,603446,100752.8125,11.03999996,47.74790573
1207,BMP1,603960,100752.4453,11.03999996,47.7782135
1208,BMP1,604470,100752.6094,11.03999996,47.76457214
1209,BMP1,604825,100752.9531,11.03999996,47.73578262
1210,BMP1,605361,100752.75,11.03999996,47.75295639
1211,BMP1,605874,100752.9219,11.03999996,47.73830795
1212,BMP1,606422,100752.9219,11.03999996,47.73830795
1213,BMP1,607063,100752.7188,11.03999996,47.75598526
1214,BMP1,607327,100752.7188,11.03999996,47.75598526
1215,BMP1,607841,100752.8906,11.03999996,47.74083328
1216,BMP1,608387,100753.0625,11.03999996,47.72668839
1217,BMP1,608992,100752.8594,11.02999973,47.74436951
1218,BMP1,609506,100752.8594,11.02999973,47.74436951
1219,BMP1,610022,100753.0313,11.02999973,47.72921371
1220,BMP1,610531,100753.0313,11.02999973,47.72921371
1221,BMP1,610890,100753.0313,11.02999973,47.72921371
1222,BMP1,611407,100752.8281,11.02999973,47.74689484
1223,BMP1,611912,100752.8281,11.02999973,47.74689484
1224,BMP1,612333,100753,11.02999973,47.73173904
1225,BMP1,612933,100752.625,11.02999973,47.76356506
1226,BMP1,613448,100752.7969,11.02999973,47.74942017
1227,BMP1,613961,100752.625,11.02999973,47.76356506
1228,BMP1,614473,100752.625,11.02999973,47.76356506
1229,BMP1,614829,100752.625,11.02999973,47.76356506
1230,BMP1,615386,100752.4297,11.02999973,47.77972794
1231,BMP1,615895,100752.7656,11.02999973,47.7519455
1232,BMP1,616413,100752.9375,11.02999973,47.73729706
1233,BMP1,617027,100752.9375,11.02999973,47.73729706
1234,BMP1,617547,100752.7344,11.02000046,47.75447083
1235,BMP1,617815,100752.9063,11.02000046,47.73982239
1236,BMP1,618366,100753.0781,11.02000046,47.72567749
1237,BMP1,618966,100752.9063,11.02000046,47.73982239
1238,BMP1,619485,100752.9063,11.02000046,47.73982239
1239,BMP1,620002,100753.0781,11.02000046,47.72567749
1240,BMP1,620520,100752.7031,11.02000046,47.75699615
1241,BMP1,620879,100752.7031,11.02000046,47.75699615
1242,BMP1,621435,100753.0469,11.02000046,47.72820282
1243,BMP1,621944,100753.0469,11.02000046,47.72820282
1244,BMP1,622458,100753.0469,11.02000046,47.72820282
1245,BMP1,622817,100753.2109,11.02000046,47.71456528
1246,BMP1,623373,100753.2109,11.02000046,47.71456528
1247,BMP1,623891,100752.875,11.02000046,47.74234772
1248,BMP1,624410,100753.0469,11.02000046,47.72820282
1249,BMP1,625016,100753.0469,11.02000046,47.72820282
1250,BMP1,625533,100753.0469,11.02000046,47.72820282
1251,BMP1,625825,100753.2109,11.02000046,47.71456528
1252,BMP1,626373,100753.2109,11.02000046,47.71456528
1253,BMP1,626979,100753.0469,11.02000046,47.72820282
1254,BMP1,627496,100753.2109,11.02000046,47.71456528
1255,BMP1,628014,100753.2109,11.02000046,47.71456528
1256,BMP1,628303,100753.2109,11.02000046,47.71456528
1257,BMP1,628906,100753.2109,11.02000046,47.71456528
1258,BMP1,629421,100753.2109,11.02000046,47.71456528
1259,BMP1,629936,100753.375,11.02000046,47.70092773
1260,BMP1,630457,100753.375,11.02000046,47.70092773
1261,BMP1,630815,100753.375,11.02000046,47.70092773
1262,BMP1,631364,100753.2109,11.02000046,47.71456528
1263,BMP1,631877,100753.375,11.02000046,47.70092773
1264,BMP1,632429,100753.375,11.02000046,47.70092773
1265,BMP1,633033,100753.375,11.02000046,47.70092773
1266,BMP1,633568,100753.5469,11.02000046,47.6862793
1267,BMP1,633836,100753.5469,11.02000046,47.6862793
1268,BMP1,634386,100753.375,11.02000046,47.70092773
1269,BMP1,634998,100753.2109,11.02000046,47.71456528
1270,BMP1,635515,100753.0469,11.02000046,47.72820282
1271,BMP1,635807,100752.875,11.02000046,47.74234772
1272,BMP1,636322,100752.7031,11.02000046,47.75699615
1273,BMP1,636924,100752.7031,11.02000046,47.75699615
1274,BMP1,637439,100752.5313,11.02000046,47.77114105
1275,BMP1,637955,100752.1953,11.02000046,47.79942703
1276,BMP1,640629,100751.6875,11.02000046,47.84236526
1277,BMP1,641330,100751.6875,11.02000046,47.84236526
1278,BMP1,641613,100751.1797,11.02000046,47.8842926
1279,BMP1,641880,100751.1797,11.02000046,47.8842926
1280,BMP1,642151,100751.1797,11.02000046,47.8842926
1281,BMP1,642424,100751.1797,11.02000046,47.8842926
1282,BMP1,642781,100751.1797,11.02000046,47.8842926
1283,BMP1,643050,100751.1797,11.02000046,47.8842926
1284,BMP1,643317,100751.1797,11.02000046,47.8842926
1285,BMP1,643588,100751.1797,11.02000046,47.8842926
1286,BMP1,643862,100751.0156,11.02000046,47.8984375
1287,BMP1,644130,100751.0156,11.02000046,47.8984375
1288,BMP1,644435,100751.3438,11.02000046,47.87065506
1289,BMP1,645040,100751.0156,11.02000046,47.8984375
1290,BMP1,645307,100751.0156,11.02000046,47.8984375
1291,BMP1,645839,100751.0156,11.02000046,47.8984375
1292,BMP1,646395,100751.1797,11.02000046,47.8842926
1293,BMP1,647019,100751.0156,11.02000046,47.8984375
1294,BMP1,647543,100751.0156,11.02000046,47.8984375
1295,BMP1,647812,100751.0156,11.02000046,47.8984375
1296,BMP1,648386,100751.1797,11.02000046,47.8842926
1297,BMP1,648997,100751.1797,11.02000046,47.8842926
1298,BMP1,649516,100751.1797,11.02000046,47.8842926
1299,BMP1,650038,100751.0156,11.02000046,47.8984375
1300,BMP1,650328,100751.0156,11.02000046,47.8984375
1301,BMP1,650940,100751.1797,11.02000046,47.8842926
1302,BMP1,651458,100751.1797,11.02000046,47.8842926
1303,BMP1,651979,100751.3438,11.02000046,47.87065506
1304,BMP1,652506,100751.3438,11.02000046,47.87065506
1305,BMP1,652872,100751.5156,11.02000046,47.85651016
1306,BMP1,653407,100751.5156,11.02000046,47.85651016
1307,BMP1,653931,100751.5156,11.02000046,47.85651016
1308,BMP1,654456,100751.6875,11.02000046,47.84236526
1309,BMP1,654820,100751.6875,11.02000046,47.84236526
1310,BMP1,655379,100751.6875,11.02000046,47.84236526
1311,BMP1,655906,100751.6875,11.02000046,47.84236526
1312,BMP1,656430,100751.6875,11.02000046,47.84236526
1313,BMP1,657052,100752.0313,11.02000046,47.81306839
1314,BMP1,657326,100752.0313,11.02000046,47.81306839
1315,BMP1,657849,100751.8594,11.02000046,47.82720947
1316,BMP1,658406,100752.0313,11.02000046,47.81306839
1317,BMP1,659021,100751.8594,11.02000046,47.82720947
1318,BMP1,659544,100752.0313,11.02000046,47.81306839
1319,BMP1,659820,100751.8594,11.02000046,47.82720947
1320,BMP1,660377,100752.0313,11.02000046,47.81306839
1321,BMP1,660993,100751.6563,11.02000046,47.84489059
1322,BMP1,661512,100751.8594,11.02000046,47.82720947
1323,BMP1,662041,100751.4844,11.02000046,47.85903549
1324,BMP1,662311,100751.4844,11.02000046,47.85903549
1325,BMP1,662938,100751.4844,11.02000046,47.85903549
1326,BMP1,663465,100751.6563,11.02000046,47.84489059
1327,BMP1,663993,100751.4844,11.02000046,47.85903549
1328,BMP1,664513,100751.6563,11.02000046,47.84489059
1329,BMP1,664874,100751.6563,11.02000046,47.84489059
1330,BMP1,665402,100751.625,11.01000023,47.84741592
1331,BMP1,665929,100751.7969,11.01000023,47.83276749
1332,BMP1,666450,100751.7969,11.01000023,47.83276749
1333,BMP1,666810,100751.4219,11.01000023,47.86408615
1334,BMP1,667390,100751.4219,11.01000023,47.86408615
1335,BMP1,667913,100751.5938,11.01000023,47.84994125
1336,BMP1,668438,100751.5938,11.01000023,47.84994125
1337,BMP1,669051,100751.4219,11.01000023,47.86408615
1338,BMP1,669327,100751.2188,11.01000023,47.88075638
1339,BMP1,669852,100751.2188,11.01000023,47.88075638
1340,BMP1,670413,100751.2188,11.01000023,47.88075638
1341,BMP1,671028,100751.2188,11.01000023,47.88075638
1342,BMP1,671546,100751.2188,11.01000023,47.88075638
1343,BMP1,671819,100751.0234,11.01000023,47.89742661
1344,BMP1,672377,100751.0234,11.01000023,47.89742661
1345,BMP1,672993,100751.0234,11.01000023,47.89742661
1346,BMP1,673517,100751.1875,11.01000023,47.88328171
1347,BMP1,673806,100751.1875,11.01000023,47.88328171
1348,BMP1,674368,100751.1875,11.01000023,47.88328171
1349,BMP1,674978,100750.8203,11,47.91460037
1350,BMP1,675504,100750.8203,11,47.91460037
1351,BMP1,676028,100750.8203,11,47.91460037
1352,BMP1,676305,100750.8203,11,47.91460037
1353,BMP1,676918,100750.8203,11,47.91460037
1354,BMP1,677448,100750.2813,11,47.95956039
1355,BMP1,677975,100750.1094,11,47.97370148
1356,BMP1,678500,100750.1094,11,47.97370148
1357,BMP1,678860,100749.9453,11,47.98784637
1358,BMP1,679396,100749.7813,11,48.00148392
1359,BMP1,679917,100749.4063,11,48.0328064
1360,BMP1,680442,100749.5781,11,48.01815414
1361,BMP1,680806,100749.5781,11,48.01815414
1362,BMP1,681328,100749.4063,11,48.0328064
1363,BMP1,681859,100749.0313,11,48.06412506
1364,BMP1,682418,100749.2031,11,48.04998016
1365,BMP1,683029,100749.2031,11,48.04998016
1366,BMP1,683553,100749.1719,10.98999977,48.05250549
1367,BMP1,683831,100749.1719,10.98999977,48.05250549
1368,BMP1,684412,100749.3438,10.98999977,48.0383606
1369,BMP1,685023,100749.6875,10.98999977,48.00906372
1370,BMP1,685547,100749.6875,10.98999977,48.00906372
1371,BMP1,685820,100749.6875,10.98999977,48.00906372
1372,BMP1,686380,100749.8438,10.98999977,47.99643326
1373,BMP1,687004,100749.8438,10.98999977,47.99643326
1374,BMP1,687527,100750.0234,10.98999977,47.98077393
1375,BMP1,688046,100749.6563,10.98999977,48.01158905
1376,BMP1,688323,100749.8203,10.98999977,47.99795151
1377,BMP1,688934,100749.8203,10.98999977,47.99795151
1378,BMP1,689458,100749.8203,10.98999977,47.99795151
1379,BMP1,689984,100749.8203,10.98999977,47.99795151
1380,BMP1,690517,100749.4531,10.98999977,48.02876282
1381,BMP1,690885,100749.4531,10.98999977,48.02876282
1382,BMP1,691411,100749.4531,10.98999977,48.02876282
1383,BMP1,691934,100749.4531,10.98999977,48.02876282
1384,BMP1,692457,100749.4531,10.98999977,48.02876282
1385,BMP1,692825,100749.4531,10.98999977,48.02876282
1386,BMP1,693381,100748.9063,10.98999977,48.07422638
1387,BMP1,693904,100748.9063,10.98999977,48.07422638
1388,BMP1,694430,100748.9063,10.98999977,48.07422638
1389,BMP1,695047,100748.9063,10.98999977,48.07422638
1390,BMP1,695319,100748.9063,10.98999977,48.07422638
1391,BMP1,695847,100749.0781,10.98999977,48.06008148
1392,BMP1,696402,100748.7109,10.97999954,48.09089661
1393,BMP1,697019,100748.7109,10.97999954,48.09089661
1394,BMP1,697553,100748.7109,10.97999954,48.09089661
1395,BMP1,697823,100748.7109,10.97999954,48.09089661
1396,BMP1,698383,100748.8828,10.97999954,48.07624817
1397,BMP1,698999,100748.3438,10.97999954,48.12120819
1398,BMP1,699521,100748.5156,10.97999954,48.10706329
1399,BMP1,700048,100748.6797,10.97999954,48.09342194
1400,BMP1,700322,100748.6797,10.97999954,48.09342194
1401,BMP1,700803,100748.8438,10.97999954,48.07927704
1402,BMP1,701325,100749.0156,10.97999954,48.06513596
1403,BMP1,701847,100749.0156,10.97999954,48.06513596
1404,BMP1,702421,100749.0156,10.97999954,48.06513596
1405,BMP1,703032,100748.9844,10.97999954,48.06766129
1406,BMP1,703309,100748.9844,10.97999954,48.06766129
1407,BMP1,703835,100748.9844,10.97999954,48.06766129
1408,BMP1,704391,100749.1563,10.97999954,48.05351639
1409,BMP1,705000,100749.1563,10.97999954,48.05351639
1410,BMP1,705528,100749.1563,10.97999954,48.05351639
1411,BMP1,705803,100749.1563,10.97999954,48.05351639
1412,BMP1,706379,100749.1563,10.97999954,48.05351639
1413,BMP1,708304,100748.6406,10.97999954,48.09695816
1414,BMP1,708991,100748.6406,10.97999954,48.09695816
1415,BMP1,709170,100748.6406,10.97999954,48.09695816
1416,BMP1,709354,100748.6406,10.97999954,48.09695816
1417,BMP1,709532,100748.6406,10.97999954,48.09695816
1418,BMP1,709712,100748.6406,10.97999954,48.09695816
1419,BMP1,709891,100748.6406,10.97999954,48.09695816
1420,BMP1,710390,100748.6406,10.97999954,48.09695816
1421,BMP1,710815,100748.8125,10.97999954,48.08281326
1422,BMP1,711322,100748.8125,10.97999954,48.08281326
1423,BMP1,711827,100748.9844,10.97999954,48.06766129
1424,BMP1,712326,100749.5,10.97999954,48.02472305
1425,BMP1,712930,100749.5,10.97999954,48.02472305
1426,BMP1,713461,100749.3281,10.97999954,48.03937149
1427,BMP1,713954,100749.1563,10.97999954,48.05351639
1428,BMP1,714329,100748.9844,10.97999954,48.06766129
1429,BMP1,714912,100749.1563,10.97999954,48.05351639
1430,BMP1,715463,100749.1563,10.97999954,48.05351639
1431,BMP1,715809,100748.9844,10.97999954,48.06766129
1432,BMP1,716306,100749.1563,10.97999954,48.05351639
1433,BMP1,716891,100749.1563,10.97999954,48.05351639
1434,BMP1,717381,100749.1563,10.97999954,48.05351639
1435,BMP1,717880,100749.1563,10.97999954,48.05351639
1436,BMP1,718380,100748.9844,10.97999954,48.06766129
1437,BMP1,718807,100748.9844,10.97999954,48.06766129
1438,BMP1,719316,100749.1563,10.97999954,48.05351639
1439,BMP1,719808,100748.9844,10.97999954,48.06766129
1440,BMP1,720319,100749.1563,10.97999954,48.05351639
1441,BMP1,720906,100748.6406,10.97999954,48.09695816
1442,BMP1,721450,100748.6406,10.97999954,48.09695816
1443,BMP1,721945,100748.6406,10.97999954,48.09695816
1444,BMP1,722316,100748.6406,10.97999954,48.09695816
1445,BMP1,722905,100748.6406,10.97999954,48.09695816
1446,BMP1,723432,100748.6406,10.97999954,48.09695816
1447,BMP1,723926,100748.2813,10.97000027,48.12676239
1448,BMP1,724452,100748.2813,10.97000027,48.12676239
1449,BMP1,724881,100748.4453,10.97000027,48.11312485
1450,BMP1,725380,100748.4453,10.97000027,48.11312485
1451,BMP1,725878,100748.4453,10.97000027,48.11312485
1452,BMP1,726389,100748.4453,10.97000027,48.11312485
1453,BMP1,726814,100748.4453,10.97000027,48.11312485
1454,BMP1,727313,100748.4453,10.97000027,48.11312485
1455,BMP1,727809,100748.2813,10.97000027,48.12676239
1456,BMP1,728307,100748.1094,10.97000027,48.14141083
1457,BMP1,728890,100748.2813,10.97000027,48.12676239
1458,BMP1,729383,100747.7344,10.97000027,48.17222595
1459,BMP1,729879,100747.5625,10.97000027,48.1868782
1460,BMP1,730378,100747.5625,10.97000027,48.1868782
1461,BMP1,730959,100747.5625,10.97000027,48.1868782
1462,BMP1,731330,100747.7344,10.97000027,48.17222595
1463,BMP1,731821,100747.7344,10.97000027,48.17222595
1464,BMP1,732319,100747.7344,10.97000027,48.17222595
1465,BMP1,732912,100747.7344,10.97000027,48.17222595
1466,BMP1,733479,100747.7344,10.97000027,48.17222595
1467,BMP1,733817,100747.3672,10.97000027,48.20304108
1468,BMP1,734316,100747.5313,10.97000027,48.18940353
1469,BMP1,734894,100747.5313,10.97000027,48.18940353
1470,BMP1,735420,100747.7031,10.97000027,48.17475128
1471,BMP1,735916,100747.7031,10.97000027,48.17475128